{"cameraMode":{"drawMode":0,"name":"Shaded","section":"Shading Mode"},"sceneLighting":true,"audioPlay":false,"sceneViewState":{"m_AlwaysRefresh":false,"showFog":true,"showSkybox":true,"showFlares":true,"showImageEffects":true,"showParticleSystems":true,"showVisualEffectGraphs":true,"m_FxEnabled":true},"in2DMode":false,"pivot":{"x":3.0317468643188478,"y":2.5111098289489748,"z":-5.652899742126465},"rotation":{"x":0.10289676487445831,"y":0.08939741551876068,"z":-0.009285667911171914,"w":0.9906207323074341},"size":6.286369800567627,"orthographic":false}