{"cameraMode":{"drawMode":0,"name":"Shaded","section":"Shading Mode"},"sceneLighting":true,"audioPlay":false,"sceneViewState":{"m_AlwaysRefresh":false,"showFog":true,"showSkybox":true,"showFlares":true,"showImageEffects":true,"showParticleSystems":true,"showVisualEffectGraphs":true,"m_FxEnabled":true},"in2DMode":false,"pivot":{"x":-0.2205343246459961,"y":1.5350991487503052,"z":0.28530824184417727},"rotation":{"x":-0.07416845858097077,"y":0.694595992565155,"z":-0.07236585021018982,"w":-0.7118979096412659},"size":2.1262357234954836,"orthographic":false}